team,name,role,age,batting_style,bowling_style,image_url
Afghanistan,Azmatullah Omarzai,Allrounder,24y 38d,Right hand Bat,Right arm Medium fast,https://images.icc-cricket.com/image/upload/t_player-headshot-portrait-lg/prd/assets/players/6122/67516.png
Afghanistan,Fareed Ahmad,Bowler,29y 265d,Left hand Bat,Left arm Fast medium,https://images.icc-cricket.com/image/upload/t_player-headshot-portrait-lg/prd/assets/players/6122/64937.png
Afghanistan,Fazalhaq Farooqi,Bowler,23y 222d,Right hand Bat,Left arm Fast medium,https://images.icc-cricket.com/image/upload/t_player-headshot-portrait-lg/prd/assets/players/6122/67927.png
Afghanistan,Gulbadin Naib,Batting Allrounder,32y 332d,Right hand Bat,Right arm Medium fast,https://images.icc-cricket.com/image/upload/t_player-headshot-portrait-lg/prd/assets/players/6122/56961.png
Afghanistan,Hazratullah Zazai,Opening Batter,26y 39d,Left hand Bat,Slow Left arm Orthodox,https://images.icc-cricket.com/image/upload/t_player-headshot-portrait-lg/prd/assets/players/6122/65869.png
Afghanistan,Ibrahim Zadran,Opening Batter,22y 141d,Right hand Bat,Right arm Medium fast,https://images.icc-cricket.com/image/upload/t_player-headshot-portrait-lg/prd/assets/players/6122/67519.png
Afghanistan,Karim Janat,Bowling Allrounder,25y 264d,Right hand Bat,Right arm Medium,https://images.icc-cricket.com/image/upload/t_player-headshot-portrait-lg/prd/assets/players/6122/65875.png
Afghanistan,Mohammad Ishaq,Wicketkeeper Batter,19y 90d,Right hand Bat,N/A,https://images.icc-cricket.com/image/upload/t_player-headshot-portrait-lg/prd/assets/players/6122/18543.png
Afghanistan,Mohammad Nabi,Allrounder,39y 121d,Right hand Bat,Right arm Offbreak,https://images.icc-cricket.com/image/upload/t_player-headshot-portrait-lg/prd/assets/players/6122/7797.png
Afghanistan,Mujeeb Ur Rahman,Bowler,23y 34d,Right hand Bat,Right arm Offbreak,"https://img1.hscicdn.com/image/upload/f_auto,t_ds_square_w_320,q_50/lsci/db/PICTURES/CMS/383200/383240.1.png"
Afghanistan,Najibullah Zadran,Middle order Batter,31y 73d,Left hand Bat,Right arm Offbreak,https://images.icc-cricket.com/image/upload/t_player-headshot-portrait-lg/prd/assets/players/6122/57991.png
Afghanistan,Nangeyalia Kharote,Allrounder,20y 6d,Left hand Bat,Slow Left arm Orthodox,https://images.icc-cricket.com/image/upload/t_player-headshot-portrait-lg/prd/assets/players/6122/67729.png
Afghanistan,Naveen-ul-Haq,Bowler,24y 221d,Right hand Bat,Right arm Medium fast,https://images.icc-cricket.com/image/upload/t_player-headshot-portrait-lg/prd/assets/players/6122/65876.png
Afghanistan,Noor Ahmad,Bowler,19y 119d,Right hand Bat,Left arm Wrist spin,https://images.icc-cricket.com/image/upload/t_player-headshot-portrait-lg/prd/assets/players/6122/71411.png
Afghanistan,Rahmanullah Gurbaz,Wicketkeeper Batter,22y 155d,Right hand Bat,Right arm Medium,https://images.icc-cricket.com/image/upload/t_player-headshot-portrait-lg/prd/assets/players/6122/68027.png
Afghanistan,Rashid Khan,Bowling Allrounder,25y 224d,Right hand Bat,Legbreak Googly,https://images.icc-cricket.com/image/upload/t_player-headshot-portrait-lg/prd/assets/players/6122/65748.png
Australia,Adam Zampa,Bowler,32y 31d,Right hand Bat,Legbreak Googly,https://images.icc-cricket.com/image/upload/t_player-headshot-portrait-lg/prd/assets/players/6122/58913.png
Australia,Ashton Agar,Bowler,30y 200d,Left hand Bat,Slow Left arm Orthodox,https://images.icc-cricket.com/image/upload/t_player-headshot-portrait-lg/prd/assets/players/6122/57172.png
Australia,Cameron Green,Batting Allrounder,24y 333d,Right hand Bat,Right arm Fast medium,https://images.icc-cricket.com/image/upload/t_player-headshot-portrait-lg/prd/assets/players/6122/66870.png
Australia,David Warner,Opening Batter,37y 187d,Left hand Bat,Legbreak,https://images.icc-cricket.com/image/upload/t_player-headshot-portrait-lg/prd/assets/players/6122/5380.png
Australia,Glenn Maxwell,Batting Allrounder,35y 200d,Right hand Bat,Right arm Offbreak,https://images.icc-cricket.com/image/upload/t_player-headshot-portrait-lg/prd/assets/players/6122/10085.png
Australia,Josh Hazlewood,Bowler,33y 114d,Left hand Bat,Right arm Fast medium,https://images.icc-cricket.com/image/upload/t_player-headshot-portrait-lg/prd/assets/players/6122/4255.png
Australia,Josh Inglis,Wicketkeeper Batter,29y 58d,Right hand Bat,N/A,https://images.icc-cricket.com/image/upload/t_player-headshot-portrait-lg/prd/assets/players/6122/65893.png
Australia,Marcus Stoinis,Batting Allrounder,34y 259d,Right hand Bat,Right arm Medium,https://images.icc-cricket.com/image/upload/t_player-headshot-portrait-lg/prd/assets/players/6122/4311.png
Australia,Matthew Wade,Wicketkeeper Batter,36y 127d,Left hand Bat,Right arm Medium,https://images.icc-cricket.com/image/upload/t_player-headshot-portrait-lg/prd/assets/players/6122/4195.png
Australia,Mitchell Marsh,Allrounder,32y 194d,Right hand Bat,Right arm Medium,https://images.icc-cricket.com/image/upload/t_player-headshot-portrait-lg/prd/assets/players/6122/10094.png
Australia,Mitchell Starc,Bowler,34y 92d,Left hand Bat,Left arm Fast,https://images.icc-cricket.com/image/upload/t_player-headshot-portrait-lg/prd/assets/players/6122/10053.png
Australia,Nathan Ellis,Bowler,29y 222d,Right hand Bat,Right arm Fast medium,https://images.icc-cricket.com/image/upload/t_player-headshot-portrait-lg/prd/assets/players/6122/70324.png
Australia,Pat Cummins,Bowler,30y 359d,Right hand Bat,Right arm Fast,https://images.icc-cricket.com/image/upload/t_player-headshot-portrait-lg/prd/assets/players/6122/56964.png
Australia,Tim David,Middle order Batter,28y 46d,Right hand Bat,Right arm Offbreak,https://images.icc-cricket.com/image/upload/t_player-headshot-portrait-lg/prd/assets/players/6122/67402.png
Australia,Travis Head,Top order Batter,30y 124d,Left hand Bat,Right arm Offbreak,https://images.icc-cricket.com/image/upload/t_player-headshot-portrait-lg/prd/assets/players/6122/62023.png
Bangladesh,Jaker Ali,Batter,26y 82d,Right hand Bat,N/A,https://images.icc-cricket.com/image/upload/t_player-headshot-portrait-lg/prd/assets/players/6122/65411.png
Bangladesh,Litton Das,Wicketkeeper Batter,29y 214d,Right hand Bat,Right arm Offbreak,https://images.icc-cricket.com/image/upload/t_player-headshot-portrait-lg/prd/assets/players/6122/63206.png
Bangladesh,Mahedi Hasan,Allrounder,29y 154d,Right hand Bat,Right arm Offbreak,https://images.icc-cricket.com/image/upload/t_player-headshot-portrait-lg/prd/assets/players/6122/65473.png
Bangladesh,Mahmudullah,Allrounder,38y 100d,Right hand Bat,Right arm Offbreak,https://images.icc-cricket.com/image/upload/t_player-headshot-portrait-lg/prd/assets/players/6122/3956.png
Bangladesh,Mustafizur Rahman,Bowler,28y 251d,Left hand Bat,Left arm Fast medium,https://images.icc-cricket.com/image/upload/t_player-headshot-portrait-lg/prd/assets/players/6122/63881.png
Bangladesh,Najmul Hossain Shanto,Top order Batter,25y 263d,Left hand Bat,Right arm Offbreak,https://images.icc-cricket.com/image/upload/t_player-headshot-portrait-lg/prd/assets/players/6122/63872.png
Bangladesh,Rishad Hossain,Bowler,21y 304d,Right hand Bat,Legbreak Googly,https://images.icc-cricket.com/image/upload/t_player-headshot-portrait-lg/prd/assets/players/6122/70203.png
Bangladesh,Shakib Al Hasan,Allrounder,37y 51d,Left hand Bat,Slow Left arm Orthodox,https://images.icc-cricket.com/image/upload/t_player-headshot-portrait-lg/prd/assets/players/6122/3782.png
Bangladesh,Shoriful Islam,Bowler,22y 346d,Left hand Bat,Left arm Fast medium,https://images.icc-cricket.com/image/upload/t_player-headshot-portrait-lg/prd/assets/players/6122/66332.png
Bangladesh,Soumya Sarkar,Batting Allrounder,31y 79d,Left hand Bat,Right arm Medium fast,https://images.icc-cricket.com/image/upload/t_player-headshot-portrait-lg/prd/assets/players/6122/61831.png
Bangladesh,Tanvir Islam,Bowler,27y 202d,Left hand Bat,Slow Left arm Orthodox,https://images.icc-cricket.com/image/upload/t_player-headshot-portrait-lg/prd/assets/players/6122/67289.png
Bangladesh,Tanzid Hasan,Opening Batter,23y 165d,Left hand Bat,N/A,https://images.icc-cricket.com/image/upload/t_player-headshot-portrait-lg/prd/assets/players/6122/70206.png
Bangladesh,Tanzim Hasan Sakib,Bowler,21y 207d,Right hand Bat,Right arm Fast medium,https://images.icc-cricket.com/image/upload/t_player-headshot-portrait-lg/prd/assets/players/6122/70921.png
Bangladesh,Taskin Ahmed,Bowler,29y 41d,Left hand Bat,Right arm Fast,https://images.icc-cricket.com/image/upload/t_player-headshot-portrait-lg/prd/assets/players/6122/58314.png
Bangladesh,Towhid Hridoy,Top order Batter,23y 162d,Right hand Bat,Right arm Offbreak,https://images.icc-cricket.com/image/upload/t_player-headshot-portrait-lg/prd/assets/players/6122/67719.png
Canada,Aaron Johnson,Batter,33y 47d,Right hand Bat,Right arm Offbreak,https://images.icc-cricket.com/image/upload/t_player-headshot-portrait-lg/prd/assets/players/6122/96075.png
Canada,Dilon Heyliger,Bowler,34y 194d,Right hand Bat,Right arm Medium,https://images.icc-cricket.com/image/upload/t_player-headshot-portrait-lg/prd/assets/players/6122/68432.png
Canada,Dilpreet Bajwa,Allrounder,21y 97d,Right hand Bat,Right arm Offbreak,https://images.icc-cricket.com/image/upload/t_player-headshot-portrait-lg/prd/assets/players/6122/98211.png
Canada,Harsh Thaker,Allrounder,26y 191d,Right hand Bat,Right arm Offbreak,"https://img1.hscicdn.com/image/upload/f_auto,t_ds_square_w_320,q_50/lsci/db/PICTURES/CMS/366400/366411.3.png"
Canada,Jeremy Gordon,Bowler,37y 103d,Right hand Bat,Right arm Fast medium,https://images.icc-cricket.com/image/upload/t_player-headshot-portrait-lg/prd/assets/players/6122/55230.png
Canada,Junaid Siddiqui,Allrounder,39y 38d,Right hand Bat,Legbreak,https://images.icc-cricket.com/image/upload/t_player-headshot-portrait-lg/prd/assets/players/6122/56962.png
Canada,Kaleem Sana,Bowler,30y 122d,Right hand Bat,Left arm Medium fast,https://images.icc-cricket.com/image/upload/t_player-headshot-portrait-lg/prd/assets/players/6122/21948.png
Canada,Navneet Dhaliwal,Middle order Batter,35y 205d,Right hand Bat,Right arm Medium fast,https://images.icc-cricket.com/image/upload/t_player-headshot-portrait-lg/prd/assets/players/6122/65267.png
Canada,Nicholas Kirton,Batting Allrounder,25y 362d,Left hand Bat,N/A,https://images.icc-cricket.com/image/upload/t_player-headshot-portrait-lg/prd/assets/players/6122/68433.png
Canada,Nikhil Dutta,Bowler,29y 202d,Right hand Bat,Right arm Offbreak,https://images.icc-cricket.com/image/upload/t_player-headshot-portrait-lg/prd/assets/players/6122/63736.png
Canada,Pargat Singh,Allrounder,32y 19d,Right hand Bat,Right arm Offbreak,https://images.icc-cricket.com/image/upload/t_player-headshot-portrait-lg/prd/assets/players/6122/80359.png
Canada,Ravinderpal Singh,Batter,35y 201d,Right hand Bat,Right arm Offbreak,https://images.icc-cricket.com/image/upload/t_player-headshot-portrait-lg/prd/assets/players/6122/71753.png
Canada,Rayyan Pathan,Batting Allrounder,32y 148d,Right hand Bat,Right arm Fast medium,https://images.icc-cricket.com/image/upload/t_player-headshot-portrait-lg/prd/assets/players/6122/63737.png
Canada,Rishiv Joshi,Bowler,23y 180d,Right hand Bat,Left arm Medium fast,https://images.icc-cricket.com/image/upload/t_player-headshot-portrait-lg/prd/assets/players/6122/68110.png
Canada,Saad Bin Zafar,Allrounder,37y 174d,Left hand Bat,Slow Left arm Orthodox,https://images.icc-cricket.com/image/upload/t_player-headshot-portrait-lg/prd/assets/players/6122/40433.png
Canada,Shreyas Movva,Wicketkeeper Batter,30y 241d,Right hand Bat,N/A,https://images.icc-cricket.com/image/upload/t_player-headshot-portrait-lg/prd/assets/players/6122/73924.png
England,Adil Rashid,Bowler,36y 73d,Right hand Bat,Legbreak,https://images.icc-cricket.com/image/upload/t_player-headshot-portrait-lg/prd/assets/players/6122/4661.png
England,Ben Duckett,Top order Batter,29y 196d,Left hand Bat,Right arm Offbreak,https://images.icc-cricket.com/image/upload/t_player-headshot-portrait-lg/prd/assets/players/6122/63082.png
England,Chris Jordan,Bowler,35y 209d,Right hand Bat,Right arm Fast medium,https://images.icc-cricket.com/image/upload/t_player-headshot-portrait-lg/prd/assets/players/6122/26718.png
England,Harry Brook,Batter,25y 68d,Right hand Bat,Right arm Medium,https://images.icc-cricket.com/image/upload/t_player-headshot-portrait-lg/prd/assets/players/6122/66374.png
England,Jofra Archer,Bowler,29y 29d,Right hand Bat,Right arm Fast,https://images.icc-cricket.com/image/upload/t_player-headshot-portrait-lg/prd/assets/players/6122/64254.png
England,Jonny Bairstow,Wicketkeeper Batter,34y 217d,Right hand Bat,Right arm Medium,https://images.icc-cricket.com/image/upload/t_player-headshot-portrait-lg/prd/assets/players/6122/19394.png
England,Jos Buttler,Wicketkeeper Batter,33y 235d,Right hand Bat,N/A,https://images.icc-cricket.com/image/upload/t_player-headshot-portrait-lg/prd/assets/players/6122/9782.png
England,Liam Livingstone,Batting Allrounder,30y 270d,Right hand Bat,"Right arm Offbreak, Legbreak",https://images.icc-cricket.com/image/upload/t_player-headshot-portrait-lg/prd/assets/players/6122/63940.png
England,Mark Wood,Bowler,34y 110d,Right hand Bat,Right arm Fast,https://images.icc-cricket.com/image/upload/t_player-headshot-portrait-lg/prd/assets/players/6122/57871.png
England,Moeen Ali,Batting Allrounder,36y 317d,Left hand Bat,Right arm Offbreak,https://images.icc-cricket.com/image/upload/t_player-headshot-portrait-lg/prd/assets/players/6122/4688.png
England,Phil Salt,Wicketkeeper Batter,27y 246d,Right hand Bat,Right arm Offbreak,https://images.icc-cricket.com/image/upload/t_player-headshot-portrait-lg/prd/assets/players/6122/65632.png
England,Reece Topley,Bowler,30y 69d,Right hand Bat,Left arm Fast medium,https://images.icc-cricket.com/image/upload/t_player-headshot-portrait-lg/prd/assets/players/6122/58101.png
England,Sam Curran,Allrounder,25y 332d,Left hand Bat,Left arm Medium fast,https://images.icc-cricket.com/image/upload/t_player-headshot-portrait-lg/prd/assets/players/6122/65584.png
England,Tom Hartley,Bowler,24y 363d,Left hand Bat,Slow Left arm Orthodox,https://images.icc-cricket.com/image/upload/t_player-headshot-portrait-lg/prd/assets/players/6122/72715.png
England,Will Jacks,Batting Allrounder,25y 161d,Right hand Bat,Right arm Offbreak,https://images.icc-cricket.com/image/upload/t_player-headshot-portrait-lg/prd/assets/players/6122/66927.png
India,Arshdeep Singh,Bowler,25y 85d,Left hand Bat,Left arm Medium fast,https://images.icc-cricket.com/image/upload/t_player-headshot-portrait-lg/prd/assets/players/6122/67905.png
India,Axar Patel,Allrounder,30y 101d,Left hand Bat,Slow Left arm Orthodox,https://images.icc-cricket.com/image/upload/t_player-headshot-portrait-lg/prd/assets/players/6122/62576.png
India,Hardik Pandya,Allrounder,30y 202d,Right hand Bat,Right arm Medium fast,https://images.icc-cricket.com/image/upload/t_player-headshot-portrait-lg/prd/assets/players/6122/63751.png
India,Jasprit Bumrah,Bowler,30y 146d,Right hand Bat,Right arm Fast,https://images.icc-cricket.com/image/upload/t_player-headshot-portrait-lg/prd/assets/players/6122/63755.png
India,Kuldeep Yadav,Bowler,29y 138d,Left hand Bat,Left arm Wrist spin,https://images.icc-cricket.com/image/upload/t_player-headshot-portrait-lg/prd/assets/players/6122/63187.png
India,Mohammed Siraj,Bowler,30y 48d,Right hand Bat,Right arm Fast,https://images.icc-cricket.com/image/upload/t_player-headshot-portrait-lg/prd/assets/players/6122/65799.png
India,Ravindra Jadeja,Allrounder,35y 146d,Left hand Bat,Slow Left arm Orthodox,https://images.icc-cricket.com/image/upload/t_player-headshot-portrait-lg/prd/assets/players/6122/3850.png
India,Rishabh Pant,Wicketkeeper Batter,26y 209d,Left hand Bat,N/A,https://images.icc-cricket.com/image/upload/t_player-headshot-portrait-lg/prd/assets/players/6122/65756.png
India,Rohit Sharma,Top order Batter,37y,Right hand Bat,Right arm Offbreak,https://images.icc-cricket.com/image/upload/t_player-headshot-portrait-lg/prd/assets/players/6122/3852.png
India,Sanju Samson,Wicketkeeper Batter,29y 171d,Right hand Bat,N/A,https://images.icc-cricket.com/image/upload/t_player-headshot-portrait-lg/prd/assets/players/6122/61837.png
India,Shivam Dube,Allrounder,30y 309d,Left hand Bat,Right arm Medium,https://images.icc-cricket.com/image/upload/t_player-headshot-portrait-lg/prd/assets/players/6122/66044.png
India,Suryakumar Yadav,Batter,33y 229d,Right hand Bat,"Right arm Medium, Right arm Offbreak",https://images.icc-cricket.com/image/upload/t_player-headshot-portrait-lg/prd/assets/players/6122/11803.png
India,Virat Kohli,Top order Batter,35y 177d,Right hand Bat,Right arm Medium,https://images.icc-cricket.com/image/upload/t_player-headshot-portrait-lg/prd/assets/players/6122/3993.png
India,Yashasvi Jaiswal,Opening Batter,22y 124d,Left hand Bat,Legbreak,https://images.icc-cricket.com/image/upload/t_player-headshot-portrait-lg/prd/assets/players/6122/69238.png
India,Yuzvendra Chahal,Bowler,33y 282d,Right hand Bat,Legbreak Googly,https://images.icc-cricket.com/image/upload/t_player-headshot-portrait-lg/prd/assets/players/6122/9844.png
Ireland,Andy Balbirnie,Batter,33y 131d,Right hand Bat,Right arm Offbreak,https://images.icc-cricket.com/image/upload/t_player-headshot-portrait-lg/prd/assets/players/6122/4454.png
Ireland,Barry McCarthy,Bowler,31y 237d,Right hand Bat,Right arm Fast medium,https://images.icc-cricket.com/image/upload/t_player-headshot-portrait-lg/prd/assets/players/6122/63157.png
Ireland,Ben White,Bowler,25y 252d,Right hand Bat,Legbreak,https://images.icc-cricket.com/image/upload/t_player-headshot-portrait-lg/prd/assets/players/6122/24825.png
Ireland,Craig Young,Bowler,34y 33d,Right hand Bat,Right arm Fast medium,https://images.icc-cricket.com/image/upload/t_player-headshot-portrait-lg/prd/assets/players/6122/59442.png
Ireland,Curtis Campher,Allrounder,25y 17d,Right hand Bat,Right arm Medium fast,https://images.icc-cricket.com/image/upload/t_player-headshot-portrait-lg/prd/assets/players/6122/67442.png
Ireland,Gareth Delany,Batting Allrounder,27y 9d,Right hand Bat,Legbreak Googly,https://images.icc-cricket.com/image/upload/t_player-headshot-portrait-lg/prd/assets/players/6122/67568.png
Ireland,George Dockrell,Allrounder,31y 290d,Right hand Bat,Slow Left arm Orthodox,https://images.icc-cricket.com/image/upload/t_player-headshot-portrait-lg/prd/assets/players/6122/9694.png
Ireland,Graham Hume,Bowler,33y 166d,Left hand Bat,Right arm Fast medium,https://images.icc-cricket.com/image/upload/t_player-headshot-portrait-lg/prd/assets/players/6122/10138.png
Ireland,Harry Tector,Middle order Batter,24y 153d,Right hand Bat,Right arm Offbreak,https://images.icc-cricket.com/image/upload/t_player-headshot-portrait-lg/prd/assets/players/6122/66085.png
Ireland,Josh Little,Bowler,24y 188d,Right hand Bat,Left arm Fast medium,https://images.icc-cricket.com/image/upload/t_player-headshot-portrait-lg/prd/assets/players/6122/66081.png
Ireland,Lorcan Tucker,Wicketkeeper Batter,27y 240d,Right hand Bat,N/A,https://images.icc-cricket.com/image/upload/t_player-headshot-portrait-lg/prd/assets/players/6122/66087.png
Ireland,Mark Adair,Bowling Allrounder,28y 41d,Right hand Bat,Right arm Fast medium,https://images.icc-cricket.com/image/upload/t_player-headshot-portrait-lg/prd/assets/players/6122/65690.png
Ireland,Neil Rock,Wicketkeeper Batter,23y 226d,Left hand Bat,N/A,https://images.icc-cricket.com/image/upload/t_player-headshot-portrait-lg/prd/assets/players/6122/68088.png
Ireland,Paul Stirling,Batting Allrounder,33y 247d,Right hand Bat,Right arm Offbreak,https://images.icc-cricket.com/image/upload/t_player-headshot-portrait-lg/prd/assets/players/6122/4476.png
Ireland,Ross Adair,Top order Batter,30y 16d,Right hand Bat,Slow Left arm Orthodox,https://images.icc-cricket.com/image/upload/t_player-headshot-portrait-lg/prd/assets/players/6122/80575.png
Namibia,Ben Shikongo,Bowler,24y 2d,Right hand Bat,Right arm Medium fast,https://images.icc-cricket.com/image/upload/t_player-headshot-portrait-lg/prd/assets/players/6122/67973.png
Namibia,Bernard Scholtz,Bowler,33y 220d,Right hand Bat,Slow Left arm Orthodox,https://images.icc-cricket.com/image/upload/t_player-headshot-portrait-lg/prd/assets/players/6122/59032.png
Namibia,David Wiese,Allrounder,38y 358d,Right hand Bat,Right arm Medium fast,https://images.icc-cricket.com/image/upload/t_player-headshot-portrait-lg/prd/assets/players/6122/45853.png
Namibia,Dylan Leicher,Middle order Batter,20y 7d,Right hand Bat,Right arm Medium,https://images.icc-cricket.com/image/upload/t_player-headshot-portrait-lg/prd/assets/players/6122/92247.png
Namibia,Gerhard Erasmus,Allrounder,29y 29d,Right hand Bat,Right arm Offbreak,"https://img1.hscicdn.com/image/upload/f_auto,t_ds_square_w_320,q_50/lsci/db/PICTURES/CMS/329700/329755.1.png"
Namibia,Jack Brassell,Bowler,19y 40d,Right hand Bat,Right arm Medium,https://images.icc-cricket.com/image/upload/t_player-headshot-portrait-lg/prd/assets/players/6122/109224.png
Namibia,Jan Frylinck,Allrounder,30y 34d,Left hand Bat,Left arm Fast medium,https://images.icc-cricket.com/image/upload/t_player-headshot-portrait-lg/prd/assets/players/6122/57688.png
Namibia,JJ Smit,Bowling Allrounder,28y 182d,Right hand Bat,Left arm Medium fast,https://images.icc-cricket.com/image/upload/t_player-headshot-portrait-lg/prd/assets/players/6122/57715.png
Namibia,JP Kotze,Batter,30y 17d,Left hand Bat,N/A,https://images.icc-cricket.com/image/upload/t_player-headshot-portrait-lg/prd/assets/players/6122/63787.png
Namibia,Malan Kruger,Batter,29y 28d,Right hand Bat,N/A,https://images.icc-cricket.com/image/upload/t_player-headshot-portrait-lg/prd/assets/players/6122/63175.png
Namibia,Michael van Lingen,Bowling Allrounder,26y 199d,Left hand Bat,"Left arm Medium, Slow Left arm Orthodox",https://images.icc-cricket.com/image/upload/t_player-headshot-portrait-lg/prd/assets/players/6122/65992.png
Namibia,Nikolaas Davin,Batter,26y 143d,Right hand Bat,Legbreak,https://images.icc-cricket.com/image/upload/t_player-headshot-portrait-lg/prd/assets/players/6122/65757.png
Namibia,Peter-Daniel Blignaut,Bowler,18y 202d,Right hand Bat,Slow Left arm Orthodox,"https://img1.hscicdn.com/image/upload/f_auto,t_h_100_2x/lsci/db/PICTURES/CMS/382000/382049.1.jpg"
Namibia,Ruben Trumpelmann,Bowler,26y 99d,Right hand Bat,Left arm Fast,https://images.icc-cricket.com/image/upload/t_player-headshot-portrait-lg/prd/assets/players/6122/67897.png
Namibia,Tangeni Lungameni,Bowler,32y 23d,Right hand Bat,Left arm Medium,https://images.icc-cricket.com/image/upload/t_player-headshot-portrait-lg/prd/assets/players/6122/66039.png
Namibia,Zane Green,Wicketkeeper Batter,27y 212d,Left hand Bat,N/A,https://images.icc-cricket.com/image/upload/t_player-headshot-portrait-lg/prd/assets/players/6122/64234.png
Nepal,Aasif Sheikh,Wicketkeeper Batter,22y 314d,Right hand Bat,N/A,https://images.icc-cricket.com/image/upload/t_player-headshot-portrait-lg/prd/assets/players/6122/67193.png
Nepal,Abinash Bohara,Bowler,26y 276d,Right hand Bat,Right arm Medium,https://images.icc-cricket.com/image/upload/t_player-headshot-portrait-lg/prd/assets/players/6122/70514.png
Nepal,Anil Sah,Wicketkeeper,25y 166d,Right hand Bat,Right arm Offbreak,https://images.icc-cricket.com/image/upload/t_player-headshot-portrait-lg/prd/assets/players/6122/68436.png
Nepal,Dipendra Singh Airee,Middle order Batter,24y 98d,Right hand Bat,"Right arm Medium, Right arm Offbreak",https://images.icc-cricket.com/image/upload/t_player-headshot-portrait-lg/prd/assets/players/6122/66061.png
Nepal,Gulsan Jha,Allrounder,18y 74d,Left hand Bat,Right arm Medium,https://images.icc-cricket.com/image/upload/t_player-headshot-portrait-lg/prd/assets/players/6122/87400.png
Nepal,Kamal Airee,Bowler,23y 134d,Right hand Bat,Right arm Medium,"https://img1.hscicdn.com/image/upload/f_auto,t_h_100_2x/lsci/db/PICTURES/CMS/381900/381933.1.jpg"
Nepal,Karan KC,Allrounder,32y 204d,Right hand Bat,Right arm Fast,https://images.icc-cricket.com/image/upload/t_player-headshot-portrait-lg/prd/assets/players/6122/65314.png
Nepal,Kushal Bhurtel,Opening Batter,27y 100d,Right hand Bat,Legbreak Googly,https://images.icc-cricket.com/image/upload/t_player-headshot-portrait-lg/prd/assets/players/6122/66128.png
Nepal,Kushal Malla,Batting Allrounder,20y 57d,Left hand Bat,Slow Left arm Orthodox,https://images.icc-cricket.com/image/upload/t_player-headshot-portrait-lg/prd/assets/players/6122/70515.png
Nepal,Lalit Rajbanshi,Bowler,25y 64d,Right hand Bat,Slow Left arm Orthodox,https://images.icc-cricket.com/image/upload/t_player-headshot-portrait-lg/prd/assets/players/6122/45117.png
Nepal,Pratis GC,Bowling Allrounder,19y 345d,Right hand Bat,Left arm Medium,https://images.icc-cricket.com/image/upload/t_player-headshot-portrait-lg/prd/assets/players/6122/72478.png
Nepal,Rohit Paudel,Batting Allrounder,21y 242d,Right hand Bat,Right arm Offbreak,https://images.icc-cricket.com/image/upload/t_player-headshot-portrait-lg/prd/assets/players/6122/68435.png
Nepal,Sagar Dhakal,Bowler,22y 139d,Right hand Bat,Slow Left arm Orthodox,https://images.icc-cricket.com/image/upload/t_player-headshot-portrait-lg/prd/assets/players/6122/70244.png
Nepal,Sandeep Lamichhane,Bowler,23y 273d,Right hand Bat,Legbreak Googly,https://images.icc-cricket.com/image/upload/t_player-headshot-portrait-lg/prd/assets/players/6122/66066.png
Nepal,Sompal Kami,Bowling Allrounder,28y 89d,Right hand Bat,Right arm Fast medium,https://images.icc-cricket.com/image/upload/t_player-headshot-portrait-lg/prd/assets/players/6122/64545.png
Nepal,Sundeep Jora,Middle order Batter,22y 194d,Right hand Bat,N/A,https://images.icc-cricket.com/image/upload/t_player-headshot-portrait-lg/prd/assets/players/6122/70245.png
Netherlands,Aryan Dutt,Bowler,21y 1d,Right hand Bat,Right arm Offbreak,https://images.icc-cricket.com/image/upload/t_player-headshot-portrait-lg/prd/assets/players/6122/81030.png
Netherlands,Bas de Leede,Batting Allrounder,24y 180d,Right hand Bat,Right arm Fast medium,https://images.icc-cricket.com/image/upload/t_player-headshot-portrait-lg/prd/assets/players/6122/67717.png
Netherlands,Daniel Doram,Bowler,26y 213d,Left hand Bat,Slow Left arm Orthodox,No image available
Netherlands,Fred Klaassen,Bowler,31y 182d,Right hand Bat,Left arm Fast medium,"https://img1.hscicdn.com/image/upload/f_auto,t_ds_square_w_320,q_50/lsci/db/PICTURES/CMS/385900/385990.6.png"
Netherlands,Kyle Klein,Bowler,22y 315d,Right hand Bat,Right arm Medium,https://images.icc-cricket.com/image/upload/t_player-headshot-portrait-lg/prd/assets/players/6122/112100.png
Netherlands,Logan van Beek,Bowler,33y 249d,Right hand Bat,Right arm Medium fast,https://images.icc-cricket.com/image/upload/t_player-headshot-portrait-lg/prd/assets/players/6122/10176.png
Netherlands,Max O'Dowd,Opening Batter,30y 70d,Right hand Bat,Right arm Offbreak,https://images.icc-cricket.com/image/upload/t_player-headshot-portrait-lg/prd/assets/players/6122/65585.png
Netherlands,Michael Levitt,Top order Batter,20y 329d,Right hand Bat,Right arm Fast,https://images.icc-cricket.com/image/upload/t_player-headshot-portrait-lg/prd/assets/players/6122/107562.png
Netherlands,Paul van Meekeren,Bowler,31y 119d,Right hand Bat,Right arm Fast medium,https://images.icc-cricket.com/image/upload/t_player-headshot-portrait-lg/prd/assets/players/6122/63893.png
Netherlands,Saqib Zulfiqar,Bowling Allrounder,27y 46d,Right hand Bat,Legbreak,https://images.icc-cricket.com/image/upload/t_player-headshot-portrait-lg/prd/assets/players/6122/67421.png
Netherlands,Scott Edwards,Wicketkeeper Batter,27y 264d,Right hand Bat,N/A,https://images.icc-cricket.com/image/upload/t_player-headshot-portrait-lg/prd/assets/players/6122/67919.png
Netherlands,Sybrand Engelbrecht,Allrounder,35y 241d,Right hand Bat,Right arm Offbreak,https://images.icc-cricket.com/image/upload/t_player-headshot-portrait-lg/prd/assets/players/6122/4359.png
Netherlands,Teja Nidamanuru,Allrounder,29y 265d,Right hand Bat,Right arm Offbreak,https://images.icc-cricket.com/image/upload/t_player-headshot-portrait-lg/prd/assets/players/6122/68002.png
Netherlands,Tim Pringle,Allrounder,21y 258d,Right hand Bat,Slow Left arm Orthodox,https://images.icc-cricket.com/image/upload/t_player-headshot-portrait-lg/prd/assets/players/6122/72579.png
Netherlands,Vikramjit Singh,Opening Batter,21y 125d,Left hand Bat,Right arm Medium,https://images.icc-cricket.com/image/upload/t_player-headshot-portrait-lg/prd/assets/players/6122/73256.png
Netherlands,Vivian Kingma,Bowler,29y 203d,Right hand Bat,Right arm Medium fast,https://images.icc-cricket.com/image/upload/t_player-headshot-portrait-lg/prd/assets/players/6122/63937.png
Netherlands,Wesley Barresi,Batter,40y 10d,Right hand Bat,Right arm Offbreak,https://images.icc-cricket.com/image/upload/t_player-headshot-portrait-lg/prd/assets/players/6122/9876.png
New Zealand,Daryl Mitchell,Batting Allrounder,32y 345d,Right hand Bat,Right arm Medium,https://images.icc-cricket.com/image/upload/t_player-headshot-portrait-lg/prd/assets/players/6122/57444.png
New Zealand,Devon Conway,Wicketkeeper Batter,32y 296d,Left hand Bat,Right arm Medium,https://images.icc-cricket.com/image/upload/t_player-headshot-portrait-lg/prd/assets/players/6122/13177.png
New Zealand,Finn Allen,Top order Batter,25y 7d,Right hand Bat,N/A,https://images.icc-cricket.com/image/upload/t_player-headshot-portrait-lg/prd/assets/players/6122/66046.png
New Zealand,Glenn Phillips,Allrounder,27y 145d,Right hand Bat,Right arm Offbreak,https://images.icc-cricket.com/image/upload/t_player-headshot-portrait-lg/prd/assets/players/6122/65295.png
New Zealand,Ish Sodhi,Bowler,31y 181d,Right hand Bat,Legbreak,https://images.icc-cricket.com/image/upload/t_player-headshot-portrait-lg/prd/assets/players/6122/57625.png
New Zealand,James Neesham,Batting Allrounder,33y 225d,Left hand Bat,Right arm Medium fast,https://images.icc-cricket.com/image/upload/t_player-headshot-portrait-lg/prd/assets/players/6122/10172.png
New Zealand,Kane Williamson,Top order Batter,33y 265d,Right hand Bat,Right arm Offbreak,https://images.icc-cricket.com/image/upload/t_player-headshot-portrait-lg/prd/assets/players/6122/4330.png
New Zealand,Lockie Ferguson,Bowler,32y 321d,Right hand Bat,Right arm Fast,https://images.icc-cricket.com/image/upload/t_player-headshot-portrait-lg/prd/assets/players/6122/63719.png
New Zealand,Mark Chapman,Allrounder,29y 307d,Left hand Bat,Slow Left arm Orthodox,https://images.icc-cricket.com/image/upload/t_player-headshot-portrait-lg/prd/assets/players/6122/60536.png
New Zealand,Matt Henry,Bowler,32y 137d,Right hand Bat,Right arm Fast medium,https://images.icc-cricket.com/image/upload/t_player-headshot-portrait-lg/prd/assets/players/6122/60544.png
New Zealand,Michael Bracewell,Batting Allrounder,33y 75d,Left hand Bat,Right arm Offbreak,https://images.icc-cricket.com/image/upload/t_player-headshot-portrait-lg/prd/assets/players/6122/62325.png
New Zealand,Mitchell Santner,Bowling Allrounder,32y 84d,Left hand Bat,Slow Left arm Orthodox,https://images.icc-cricket.com/image/upload/t_player-headshot-portrait-lg/prd/assets/players/6122/57903.png
New Zealand,Rachin Ravindra,Batting Allrounder,24y 163d,Left hand Bat,Slow Left arm Orthodox,https://images.icc-cricket.com/image/upload/t_player-headshot-portrait-lg/prd/assets/players/6122/66053.png
New Zealand,Tim Southee,Bowler,35y 140d,Right hand Bat,Right arm Medium fast,https://images.icc-cricket.com/image/upload/t_player-headshot-portrait-lg/prd/assets/players/6122/4235.png
New Zealand,Trent Boult,Bowler,34y 282d,Right hand Bat,Left arm Fast medium,https://images.icc-cricket.com/image/upload/t_player-headshot-portrait-lg/prd/assets/players/6122/4338.png
Oman,Aqib Ilyas,Top order Batter,31y 239d,Right hand Bat,"Right arm Offbreak, Legbreak Googly",https://images.icc-cricket.com/image/upload/t_player-headshot-portrait-lg/prd/assets/players/6122/66873.png
Oman,Ayaan Khan,Allrounder,31y 245d,Left hand Bat,Slow Left arm Orthodox,https://images.icc-cricket.com/image/upload/t_player-headshot-portrait-lg/prd/assets/players/6122/65943.png
Oman,Bilal Khan,Bowler,37y 21d,Left hand Bat,Left arm Medium fast,https://images.icc-cricket.com/image/upload/t_player-headshot-portrait-lg/prd/assets/players/6122/28370.png
Oman,Fayyaz Butt,Bowler,30y 258d,Right hand Bat,Right arm Medium fast,https://images.icc-cricket.com/image/upload/t_player-headshot-portrait-lg/prd/assets/players/6122/59325.png
Oman,Kaleemullah,Bowler,33y 129d,Right hand Bat,Right arm Medium,https://images.icc-cricket.com/image/upload/t_player-headshot-portrait-lg/prd/assets/players/6122/66876.png
Oman,Kashyap Prajapati,Top order Batter,28y 203d,Right hand Bat,Right arm Offbreak,https://images.icc-cricket.com/image/upload/t_player-headshot-portrait-lg/prd/assets/players/6122/87546.png
Oman,Khalid Kail,Middle order Batter,27y 201d,Right hand Bat,N/A,https://images.icc-cricket.com/image/upload/t_player-headshot-portrait-lg/prd/assets/players/6122/87543.png
Oman,Mehran Khan,Batter,37y 18d,Right hand Bat,Right arm Medium fast,https://images.icc-cricket.com/image/upload/t_player-headshot-portrait-lg/prd/assets/players/6122/65603.png
Oman,Mohammad Nadeem,Allrounder,41y 240d,Right hand Bat,Right arm Medium fast,https://images.icc-cricket.com/image/upload/t_player-headshot-portrait-lg/prd/assets/players/6122/26709.png
Oman,Naseem Khushi,Wicketkeeper,41y 264d,Right hand Bat,N/A,https://images.icc-cricket.com/image/upload/t_player-headshot-portrait-lg/prd/assets/players/6122/66878.png
Oman,Pratik Athavale,Wicketkeeper Batter,27y 11d,Right hand Bat,Right arm Offbreak,https://images.icc-cricket.com/image/upload/t_player-headshot-portrait-lg/prd/assets/players/6122/90720.png
Oman,Rafiullah,Bowler,27y 259d,Right hand Bat,Right arm Medium,https://images.icc-cricket.com/image/upload/t_player-headshot-portrait-lg/prd/assets/players/6122/87398.png
Oman,Shakeel Ahmed,Bowler,36y 87d,Left hand Bat,Slow Left arm Orthodox,https://images.icc-cricket.com/image/upload/t_player-headshot-portrait-lg/prd/assets/players/6122/90742.png
Oman,Shoaib Khan,Batter,31y 147d,Right hand Bat,Right arm Medium,https://images.icc-cricket.com/image/upload/t_player-headshot-portrait-lg/prd/assets/players/6122/87397.png
Oman,Zeeshan Maqsood,Opening Batter,36y 190d,Left hand Bat,Slow Left arm Orthodox,https://images.icc-cricket.com/image/upload/t_player-headshot-portrait-lg/prd/assets/players/6122/65594.png
Pakistan,Abbas Afridi,Bowler,23y 49d,Right hand Bat,Right arm Medium fast,https://images.icc-cricket.com/image/upload/t_player-headshot-portrait-lg/prd/assets/players/6122/69965.png
Pakistan,Abrar Ahmed,Bowler,25y 256d,Right hand Bat,Legbreak Googly,https://images.icc-cricket.com/image/upload/t_player-headshot-portrait-lg/prd/assets/players/6122/66884.png
Pakistan,Azam Khan,Wicketkeeper Batter,25y 288d,Right hand Bat,N/A,https://images.icc-cricket.com/image/upload/t_player-headshot-portrait-lg/prd/assets/players/6122/46260.png
Pakistan,Babar Azam,Batter,29y 222d,Right hand Bat,Right arm Offbreak,https://images.icc-cricket.com/image/upload/t_player-headshot-portrait-lg/prd/assets/players/6122/59429.png
Pakistan,Fakhar Zaman,Opening Batter,34y 44d,Left hand Bat,Slow Left arm Orthodox,https://images.icc-cricket.com/image/upload/t_player-headshot-portrait-lg/prd/assets/players/6122/57492.png
Pakistan,Haris Rauf,Bowler,30y 199d,Right hand Bat,Right arm Fast,https://images.icc-cricket.com/image/upload/t_player-headshot-portrait-lg/prd/assets/players/6122/70326.png
Pakistan,Iftikhar Ahmed,Middle order Batter,33y 264d,Right hand Bat,Right arm Offbreak,https://images.icc-cricket.com/image/upload/t_player-headshot-portrait-lg/prd/assets/players/6122/24437.png
Pakistan,Imad Wasim,Allrounder,35y 158d,Left hand Bat,Slow Left arm Orthodox,https://images.icc-cricket.com/image/upload/t_player-headshot-portrait-lg/prd/assets/players/6122/11025.png
Pakistan,Mohammad Amir,Bowler,32y 41d,Left hand Bat,Left arm Fast medium,https://images.icc-cricket.com/image/upload/t_player-headshot-portrait-lg/prd/assets/players/6122/7768.png
Pakistan,Mohammad Rizwan,Wicketkeeper Batter,31y 358d,Right hand Bat,Right arm Medium,https://images.icc-cricket.com/image/upload/t_player-headshot-portrait-lg/prd/assets/players/6122/20286.png
Pakistan,Naseem Shah,Bowler,21y 99d,Right hand Bat,Right arm Fast,https://images.icc-cricket.com/image/upload/t_player-headshot-portrait-lg/prd/assets/players/6122/69956.png
Pakistan,Saim Ayub,Top order Batter,22y,Left hand Bat,Right arm Offbreak,https://images.icc-cricket.com/image/upload/t_player-headshot-portrait-lg/prd/assets/players/6122/70241.png
Pakistan,Shadab Khan,Allrounder,25y 233d,Right hand Bat,Legbreak,https://images.icc-cricket.com/image/upload/t_player-headshot-portrait-lg/prd/assets/players/6122/65739.png
Pakistan,Shaheen Shah Afridi,Bowler,24y 48d,Left hand Bat,Left arm Fast,https://images.icc-cricket.com/image/upload/t_player-headshot-portrait-lg/prd/assets/players/6122/66833.png
Pakistan,Usman Khan,Top order Batter,29y 14d,Right hand Bat,Right arm Offbreak,https://images.icc-cricket.com/image/upload/t_player-headshot-portrait-lg/prd/assets/players/6122/67777.png
Papua New Guinea,Alei Nao,Bowler,30y 151d,Right hand Bat,Right arm Medium,https://images.icc-cricket.com/image/upload/t_player-headshot-portrait-lg/prd/assets/players/6122/63123.png
Papua New Guinea,Assad Vala,Batter,36y 277d,Left hand Bat,Right arm Offbreak,https://images.icc-cricket.com/image/upload/t_player-headshot-portrait-lg/prd/assets/players/6122/58613.png
Papua New Guinea,Chad Soper,Bowler,32y 171d,Right hand Bat,Right arm Medium fast,https://images.icc-cricket.com/image/upload/t_player-headshot-portrait-lg/prd/assets/players/6122/63207.png
Papua New Guinea,Charles Amini,Allrounder,32y 24d,Left hand Bat,Legbreak,https://images.icc-cricket.com/image/upload/t_player-headshot-portrait-lg/prd/assets/players/6122/4412.png
Papua New Guinea,Hila Vare,Batter,22y 272d,Left hand Bat,N/A,https://images.icc-cricket.com/image/upload/t_player-headshot-portrait-lg/prd/assets/players/6122/95589.png
Papua New Guinea,Hiri Hiri,Middle order Batter,29y 7d,Right hand Bat,Right arm Offbreak,https://images.icc-cricket.com/image/upload/t_player-headshot-portrait-lg/prd/assets/players/6122/64609.png
Papua New Guinea,Jack Gardner,Bowler,23y 137d,N/A,N/A,https://images.icc-cricket.com/image/upload/t_player-headshot-portrait-lg/prd/assets/players/6122/87603.png
Papua New Guinea,John Kariko,Bowler,20y 113d,Left hand Bat,Slow Left arm Orthodox,https://images.icc-cricket.com/image/upload/t_player-headshot-portrait-lg/prd/assets/players/6122/90885.png
Papua New Guinea,Kabua Morea,Bowler,30y 221d,Right hand Bat,Left arm Medium,https://images.icc-cricket.com/image/upload/t_player-headshot-portrait-lg/prd/assets/players/6122/63135.png
Papua New Guinea,Kiplin Doriga,Wicketkeeper Batter,28y 203d,Right hand Bat,N/A,https://images.icc-cricket.com/image/upload/t_player-headshot-portrait-lg/prd/assets/players/6122/64604.png
Papua New Guinea,Lega Siaka,Opening Batter,31y 139d,Right hand Bat,"Right arm Fast medium, Legbreak",https://images.icc-cricket.com/image/upload/t_player-headshot-portrait-lg/prd/assets/players/6122/60058.png
Papua New Guinea,Norman Vanua,Bowler,30y 158d,Right hand Bat,Right arm Medium,https://images.icc-cricket.com/image/upload/t_player-headshot-portrait-lg/prd/assets/players/6122/63137.png
Papua New Guinea,Semo Kamea,Bowler,22y 261d,Left hand Bat,Left arm Fast,https://images.icc-cricket.com/image/upload/t_player-headshot-portrait-lg/prd/assets/players/6122/68129.png
Papua New Guinea,Sese Bau,Middle order Batter,31y 320d,Left hand Bat,Right arm Offbreak,https://images.icc-cricket.com/image/upload/t_player-headshot-portrait-lg/prd/assets/players/6122/61329.png
Papua New Guinea,Tony Ura,Opening Batter,34y 206d,Right hand Bat,N/A,https://images.icc-cricket.com/image/upload/t_player-headshot-portrait-lg/prd/assets/players/6122/4434.png
Scotland,Brad Currie,Bowler,25y 180d,Right hand Bat,Left arm Medium,https://images.icc-cricket.com/image/upload/t_player-headshot-portrait-lg/prd/assets/players/6122/93065.png
Scotland,Brad Wheal,Bowler,27y 252d,Right hand Bat,Right arm Fast medium,https://images.icc-cricket.com/image/upload/t_player-headshot-portrait-lg/prd/assets/players/6122/65564.png
Scotland,Brandon McMullen,Batting Allrounder,24y 201d,Right hand Bat,Right arm Medium,https://images.icc-cricket.com/image/upload/t_player-headshot-portrait-lg/prd/assets/players/6122/97960.png
Scotland,Charlie Tear,Wicketkeeper Batter,19y 329d,Right hand Bat,N/A,https://images.icc-cricket.com/image/upload/t_player-headshot-portrait-lg/prd/assets/players/6122/87903.png
Scotland,Chris Greaves,Bowler,33y 207d,Right hand Bat,Legbreak,https://images.icc-cricket.com/image/upload/t_player-headshot-portrait-lg/prd/assets/players/6122/71106.png
Scotland,Chris Sole,Bowler,30y 69d,Right hand Bat,Right arm Fast medium,https://images.icc-cricket.com/image/upload/t_player-headshot-portrait-lg/prd/assets/players/6122/64634.png
Scotland,George Munsey,Opening Batter,31y 75d,Left hand Bat,Right arm Medium fast,https://images.icc-cricket.com/image/upload/t_player-headshot-portrait-lg/prd/assets/players/6122/64957.png
Scotland,Jack Jarvis,Bowler,20y 343d,Right hand Bat,Right arm Medium fast,https://images.icc-cricket.com/image/upload/t_player-headshot-portrait-lg/prd/assets/players/6122/87875.png
Scotland,Mark Watt,Bowler,27y 282d,Left hand Bat,Slow Left arm Orthodox,https://images.icc-cricket.com/image/upload/t_player-headshot-portrait-lg/prd/assets/players/6122/64635.png
Scotland,Matthew Cross,Wicketkeeper Batter,31y 204d,Right hand Bat,N/A,https://images.icc-cricket.com/image/upload/t_player-headshot-portrait-lg/prd/assets/players/6122/63122.png
Scotland,Michael Jones,Top order Batter,26y 122d,Right hand Bat,Right arm Offbreak,https://images.icc-cricket.com/image/upload/t_player-headshot-portrait-lg/prd/assets/players/6122/62804.png
Scotland,Michael Leask,Allrounder,33y 190d,Right hand Bat,Right arm Offbreak,https://images.icc-cricket.com/image/upload/t_player-headshot-portrait-lg/prd/assets/players/6122/63917.png
Scotland,Ollie Hairs,Opening Batter,33y 22d,Left hand Bat,Right arm Offbreak,https://images.icc-cricket.com/image/upload/t_player-headshot-portrait-lg/prd/assets/players/6122/11929.png
Scotland,Richie Berrington,Top order Batter,37y 33d,Right hand Bat,Right arm Medium fast,https://images.icc-cricket.com/image/upload/t_player-headshot-portrait-lg/prd/assets/players/6122/4023.png
Scotland,Safyaan Sharif,Bowler,32y 348d,Right hand Bat,Right arm Medium fast,https://images.icc-cricket.com/image/upload/t_player-headshot-portrait-lg/prd/assets/players/6122/56957.png
South Africa,Aiden Markram,Opening Batter,29y 209d,Right hand Bat,Right arm Offbreak,https://images.icc-cricket.com/image/upload/t_player-headshot-portrait-lg/prd/assets/players/6122/64219.png
South Africa,Anrich Nortje,Bowler,30y 166d,Right hand Bat,Right arm Fast,https://images.icc-cricket.com/image/upload/t_player-headshot-portrait-lg/prd/assets/players/6122/63641.png
South Africa,Bjorn Fortuin,Bowler,29y 192d,Right hand Bat,Slow Left arm Orthodox,https://images.icc-cricket.com/image/upload/t_player-headshot-portrait-lg/prd/assets/players/6122/64282.png
South Africa,David Miller,Middle order Batter,34y 325d,Left hand Bat,Right arm Offbreak,https://images.icc-cricket.com/image/upload/t_player-headshot-portrait-lg/prd/assets/players/6122/5313.png
South Africa,Gerald Coetzee,Bowler,23y 211d,Right hand Bat,Right arm Fast,https://images.icc-cricket.com/image/upload/t_player-headshot-portrait-lg/prd/assets/players/6122/67443.png
South Africa,Heinrich Klaasen,Wicketkeeper Batter,32y 275d,Right hand Bat,Right arm Offbreak,https://images.icc-cricket.com/image/upload/t_player-headshot-portrait-lg/prd/assets/players/6122/59736.png
South Africa,Kagiso Rabada,Bowler,28y 341d,Left hand Bat,Right arm Fast,https://images.icc-cricket.com/image/upload/t_player-headshot-portrait-lg/prd/assets/players/6122/63611.png
South Africa,Keshav Maharaj,Bowler,34y 83d,Right hand Bat,Slow Left arm Orthodox,https://images.icc-cricket.com/image/upload/t_player-headshot-portrait-lg/prd/assets/players/6122/48607.png
South Africa,Marco Jansen,Bowling Allrounder,23y 365d,Right hand Bat,Left arm Medium fast,https://images.icc-cricket.com/image/upload/t_player-headshot-portrait-lg/prd/assets/players/6122/69409.png
South Africa,Ottneil Baartman,Bowler,31y 43d,Right hand Bat,Right arm Medium fast,https://images.icc-cricket.com/image/upload/t_player-headshot-portrait-lg/prd/assets/players/6122/65089.png
South Africa,Quinton de Kock,Wicketkeeper Batter,31y 135d,Left hand Bat,N/A,https://images.icc-cricket.com/image/upload/t_player-headshot-portrait-lg/prd/assets/players/6122/28035.png
South Africa,Reeza Hendricks,Opening Batter,34y 260d,Right hand Bat,Right arm Offbreak,https://images.icc-cricket.com/image/upload/t_player-headshot-portrait-lg/prd/assets/players/6122/4356.png
South Africa,Ryan Rickelton,Wicketkeeper Batter,27y 294d,Left hand Bat,N/A,https://images.icc-cricket.com/image/upload/t_player-headshot-portrait-lg/prd/assets/players/6122/64941.png
South Africa,Tabraiz Shamsi,Bowler,34y 72d,Right hand Bat,Left arm Wrist spin,https://images.icc-cricket.com/image/upload/t_player-headshot-portrait-lg/prd/assets/players/6122/48191.png
South Africa,Tristan Stubbs,Batter,23y 260d,Right hand Bat,Right arm Offbreak,https://images.icc-cricket.com/image/upload/t_player-headshot-portrait-lg/prd/assets/players/6122/74761.png
Sri Lanka,Angelo Mathews,Allrounder,36y 342d,Right hand Bat,Right arm Medium,https://images.icc-cricket.com/image/upload/t_player-headshot-portrait-lg/prd/assets/players/6122/5244.png
Sri Lanka,Charith Asalanka,Batting Allrounder,26y 315d,Left hand Bat,Right arm Offbreak,https://images.icc-cricket.com/image/upload/t_player-headshot-portrait-lg/prd/assets/players/6122/65038.png
Sri Lanka,Dasun Shanaka,Allrounder,32y 243d,Right hand Bat,Right arm Medium,https://images.icc-cricket.com/image/upload/t_player-headshot-portrait-lg/prd/assets/players/6122/59067.png
Sri Lanka,Dhananjaya de Silva,Allrounder,32y 246d,Right hand Bat,Right arm Offbreak,https://images.icc-cricket.com/image/upload/t_player-headshot-portrait-lg/prd/assets/players/6122/57440.png
Sri Lanka,Dilshan Madushanka,Bowler,23y 234d,Right hand Bat,Left arm Fast medium,https://images.icc-cricket.com/image/upload/t_player-headshot-portrait-lg/prd/assets/players/6122/70764.png
Sri Lanka,Dunith Wellalage,Bowler,21y 121d,Left hand Bat,Slow Left arm Orthodox,https://images.icc-cricket.com/image/upload/t_player-headshot-portrait-lg/prd/assets/players/6122/69651.png
Sri Lanka,Dushmantha Chameera,Bowler,32y 119d,Right hand Bat,Right arm Fast,https://images.icc-cricket.com/image/upload/t_player-headshot-portrait-lg/prd/assets/players/6122/58065.png
Sri Lanka,Kamindu Mendis,Allrounder,25y 222d,Left hand Bat,"Right arm Offbreak, Slow Left arm Orthodox",https://images.icc-cricket.com/image/upload/t_player-headshot-portrait-lg/prd/assets/players/6122/65034.png
Sri Lanka,Kusal Mendis,Wicketkeeper Batter,29y 97d,Right hand Bat,Legbreak,https://images.icc-cricket.com/image/upload/t_player-headshot-portrait-lg/prd/assets/players/6122/63882.png
Sri Lanka,Maheesh Theekshana,Bowler,23y 282d,Right hand Bat,Right arm Offbreak,https://images.icc-cricket.com/image/upload/t_player-headshot-portrait-lg/prd/assets/players/6122/69274.png
Sri Lanka,Matheesha Pathirana,Bowler,21y 143d,Right hand Bat,Right arm Fast,https://images.icc-cricket.com/image/upload/t_player-headshot-portrait-lg/prd/assets/players/6122/73830.png
Sri Lanka,Nuwan Thushara,Bowler,29y 277d,Right hand Bat,Right arm Medium fast,https://images.icc-cricket.com/image/upload/t_player-headshot-portrait-lg/prd/assets/players/6122/66158.png
Sri Lanka,Pathum Nissanka,Top order Batter,25y 357d,Right hand Bat,N/A,https://images.icc-cricket.com/image/upload/t_player-headshot-portrait-lg/prd/assets/players/6122/66368.png
Sri Lanka,Sadeera Samarawickrama,Wicketkeeper Batter,28y 253d,Right hand Bat,N/A,https://images.icc-cricket.com/image/upload/t_player-headshot-portrait-lg/prd/assets/players/6122/63897.png
Sri Lanka,Wanindu Hasaranga,Allrounder,26y 285d,Right hand Bat,Legbreak,https://images.icc-cricket.com/image/upload/t_player-headshot-portrait-lg/prd/assets/players/6122/65027.png
Uganda,Alpesh Ramjani,Allrounder,29y 225d,Left hand Bat,Slow Left arm Orthodox,https://images.icc-cricket.com/image/upload/t_player-headshot-portrait-lg/prd/assets/players/6122/68495.png
Uganda,Bilal Hassan,Bowler,34y 21d,Right hand Bat,Right arm Medium fast,https://images.icc-cricket.com/image/upload/t_player-headshot-portrait-lg/prd/assets/players/6122/69981.png
Uganda,Brian Masaba,Bowler,32y 227d,Right hand Bat,"Right arm Fast medium, Right arm Offbreak, Legbreak Googly",https://images.icc-cricket.com/image/upload/t_player-headshot-portrait-lg/prd/assets/players/6122/59037.png
Uganda,Cosmas Kyewuta,Bowler,22y 130d,Right hand Bat,Right arm Medium,https://images.icc-cricket.com/image/upload/t_player-headshot-portrait-lg/prd/assets/players/6122/85103.png
Uganda,Dinesh Nakrani,Allrounder,32y 228d,Left hand Bat,Left arm Medium,https://images.icc-cricket.com/image/upload/t_player-headshot-portrait-lg/prd/assets/players/6122/64770.png
Uganda,Frank Nsubuga,Allrounder,43y 252d,Right hand Bat,Right arm Offbreak,https://images.icc-cricket.com/image/upload/t_player-headshot-portrait-lg/prd/assets/players/6122/4093.png
Uganda,Fred Achelam,Wicketkeeper Batter,23y 100d,Right hand Bat,N/A,https://images.icc-cricket.com/image/upload/t_player-headshot-portrait-lg/prd/assets/players/6122/69979.png
Uganda,Henry Ssenyondo,Bowler,30y 268d,Right hand Bat,Slow Left arm Orthodox,https://images.icc-cricket.com/image/upload/t_player-headshot-portrait-lg/prd/assets/players/6122/59769.png
Uganda,Juma Miyagi,Bowler,21y 31d,Right hand Bat,Right arm Medium fast,https://images.icc-cricket.com/image/upload/t_player-headshot-portrait-lg/prd/assets/players/6122/90644.png
Uganda,Kenneth Waiswa,Allrounder,25y 177d,Right hand Bat,Right arm Medium,https://images.icc-cricket.com/image/upload/t_player-headshot-portrait-lg/prd/assets/players/6122/69984.png
Uganda,Riazat Ali Shah,Batting Allrounder,26y 76d,Right hand Bat,Right arm Medium,https://images.icc-cricket.com/image/upload/t_player-headshot-portrait-lg/prd/assets/players/6122/69983.png
Uganda,Robinson Obuya,Batter,23y 146d,Right hand Bat,N/A,https://images.icc-cricket.com/image/upload/t_player-headshot-portrait-lg/prd/assets/players/6122/74214.png
Uganda,Roger Mukasa,Batter,34y 350d,Right hand Bat,Right arm Offbreak,https://images.icc-cricket.com/image/upload/t_player-headshot-portrait-lg/prd/assets/players/6122/7778.png
Uganda,Ronak Patel,Batter,35y 262d,Right hand Bat,Slow Left arm Orthodox,https://images.icc-cricket.com/image/upload/t_player-headshot-portrait-lg/prd/assets/players/6122/74205.png
Uganda,Simon Ssesazi,Wicketkeeper Batter,27y 260d,Left hand Bat,Right arm Slow,https://images.icc-cricket.com/image/upload/t_player-headshot-portrait-lg/prd/assets/players/6122/85104.png
United States of America,Aaron Jones,Top order Batter,29y 197d,Right hand Bat,Legbreak Googly,https://images.icc-cricket.com/image/upload/t_player-headshot-portrait-lg/prd/assets/players/6122/66237.png
United States of America,Ali Khan,Bowler,33y 142d,Right hand Bat,Right arm Fast medium,https://images.icc-cricket.com/image/upload/t_player-headshot-portrait-lg/prd/assets/players/6122/66244.png
United States of America,Andries Gous,Wicketkeeper Batter,30y 161d,Right hand Bat,N/A,https://images.icc-cricket.com/image/upload/t_player-headshot-portrait-lg/prd/assets/players/6122/57274.png
United States of America,Corey Anderson,Batting Allrounder,33y 142d,Left hand Bat,Left arm Medium fast,https://images.icc-cricket.com/image/upload/t_player-headshot-portrait-lg/prd/assets/players/6122/4332.png
United States of America,Harmeet Singh,Bowling Allrounder,31y 239d,Left hand Bat,Slow Left arm Orthodox,https://images.icc-cricket.com/image/upload/t_player-headshot-portrait-lg/prd/assets/players/6122/36489.png
United States of America,Jasdeep Singh,Bowler,31y 83d,Right hand Bat,Right arm Medium,"https://img1.hscicdn.com/image/upload/f_auto,t_ds_square_w_320,q_50/lsci/db/PICTURES/CMS/383200/383212.1.png"
United States of America,Milind Kumar,Allrounder,33y 78d,Right hand Bat,Right arm Offbreak,https://images.icc-cricket.com/image/upload/t_player-headshot-portrait-lg/prd/assets/players/6122/14885.png
United States of America,Monank Patel,Wicketkeeper Batter,31y 2d,Right hand Bat,N/A,https://images.icc-cricket.com/image/upload/t_player-headshot-portrait-lg/prd/assets/players/6122/70336.png
United States of America,Nisarg Patel,Allrounder,36y 13d,Right hand Bat,Slow Left arm Orthodox,https://images.icc-cricket.com/image/upload/t_player-headshot-portrait-lg/prd/assets/players/6122/11197.png
United States of America,Nitish Kumar,Top order Batter,29y 348d,Right hand Bat,Right arm Offbreak,https://images.icc-cricket.com/image/upload/t_player-headshot-portrait-lg/prd/assets/players/6122/9683.png
United States of America,Nosthush Kenjige,Bowler,33y 62d,Right hand Bat,Slow Left arm Orthodox,https://images.icc-cricket.com/image/upload/t_player-headshot-portrait-lg/prd/assets/players/6122/67389.png
United States of America,Saurabh Netravalkar,Bowler,32y 200d,Right hand Bat,Left arm Fast medium,https://images.icc-cricket.com/image/upload/t_player-headshot-portrait-lg/prd/assets/players/6122/63509.png
United States of America,Shadley van Schalkwyk,Allrounder,35y 272d,Left hand Bat,Right arm Medium,https://images.icc-cricket.com/image/upload/t_player-headshot-portrait-lg/prd/assets/players/6122/9795.png
United States of America,Shayan Jahangir,Batter,29y 131d,Right hand Bat,Right arm Medium fast,https://images.icc-cricket.com/image/upload/t_player-headshot-portrait-lg/prd/assets/players/6122/64154.png
United States of America,Steven Taylor,Opening Batter,30y 176d,Left hand Bat,Right arm Offbreak,https://images.icc-cricket.com/image/upload/t_player-headshot-portrait-lg/prd/assets/players/6122/10154.png
West Indies,Akeal Hosein,Bowler,31y 8d,Left hand Bat,Slow Left arm Orthodox,https://images.icc-cricket.com/image/upload/t_player-headshot-portrait-lg/prd/assets/players/6122/57239.png
West Indies,Alzarri Joseph,Bowler,27y 165d,Right hand Bat,Right arm Fast,https://images.icc-cricket.com/image/upload/t_player-headshot-portrait-lg/prd/assets/players/6122/64264.png
West Indies,Andre Russell,Allrounder,36y 4d,Right hand Bat,Right arm Fast,https://images.icc-cricket.com/image/upload/t_player-headshot-portrait-lg/prd/assets/players/6122/12047.png
West Indies,Brandon King,Top order Batter,29y 139d,Right hand Bat,N/A,"https://img1.hscicdn.com/image/upload/f_auto,t_ds_square_w_320,q_50/lsci/db/PICTURES/CMS/321900/321983.1.png"
West Indies,Gudakesh Motie,Bowler,29y 35d,Left hand Bat,Slow Left arm Orthodox,https://images.icc-cricket.com/image/upload/t_player-headshot-portrait-lg/prd/assets/players/6122/64262.png
West Indies,Jason Holder,Bowling Allrounder,32y 180d,Right hand Bat,Right arm Medium fast,"https://img1.hscicdn.com/image/upload/f_auto,t_ds_square_w_320,q_50/lsci/db/PICTURES/CMS/316600/316673.1.png"
West Indies,Johnson Charles,Wicketkeeper Batter,35y 110d,Right hand Bat,N/A,https://images.icc-cricket.com/image/upload/t_player-headshot-portrait-lg/prd/assets/players/6122/25890.png
West Indies,Kyle Mayers,Batting Allrounder,31y 238d,Left hand Bat,Right arm Medium,https://images.icc-cricket.com/image/upload/t_player-headshot-portrait-lg/prd/assets/players/6122/57792.png
West Indies,Nicholas Pooran,Wicketkeeper Batter,28y 214d,Left hand Bat,Right arm Offbreak,https://images.icc-cricket.com/image/upload/t_player-headshot-portrait-lg/prd/assets/players/6122/63726.png
West Indies,Obed McCoy,Bowler,27y 120d,Left hand Bat,Left arm Fast medium,https://images.icc-cricket.com/image/upload/t_player-headshot-portrait-lg/prd/assets/players/6122/66028.png
West Indies,Romario Shepherd,Bowling Allrounder,29y 159d,Right hand Bat,Right arm Fast medium,https://images.icc-cricket.com/image/upload/t_player-headshot-portrait-lg/prd/assets/players/6122/66243.png
West Indies,Roston Chase,Allrounder,32y 42d,Right hand Bat,Right arm Offbreak,https://images.icc-cricket.com/image/upload/t_player-headshot-portrait-lg/prd/assets/players/6122/58071.png
West Indies,Rovman Powell,Middle order Batter,30y 285d,Right hand Bat,Right arm Medium fast,https://images.icc-cricket.com/image/upload/t_player-headshot-portrait-lg/prd/assets/players/6122/65291.png
West Indies,Shai Hope,Wicketkeeper Batter,30y 175d,Right hand Bat,N/A,https://images.icc-cricket.com/image/upload/t_player-headshot-portrait-lg/prd/assets/players/6122/63797.png
West Indies,Shamar Joseph,Bowler,24y 246d,Left hand Bat,Right arm Fast,https://images.icc-cricket.com/image/upload/t_player-headshot-portrait-lg/prd/assets/players/6122/101907.png
West Indies,Sherfane Rutherford,Middle order Batter,25y 262d,Left hand Bat,Right arm Fast medium,https://images.icc-cricket.com/image/upload/t_player-headshot-portrait-lg/prd/assets/players/6122/67285.png
West Indies,Shimron Hetmyer,Middle order Batter,27y 129d,Left hand Bat,N/A,https://images.icc-cricket.com/image/upload/t_player-headshot-portrait-lg/prd/assets/players/6122/64861.png
